,PC1,PC2,PC3,PC4,PC5,PC6,PC7,PC8,PC9,PC10,PC11,PC12,PC13,PC14,PC15,PC16,PC17,PC18,PC19,PC20,PC21,PC22,PC23,PC24
prior_whip_like_mean_5,0.229,0.002,0.558,0.002,0.034,0.017,0.008,0.155,0.038,0.077,0.012,0.029,0.013,0.056,0.05,0.009,0.144,0.024,0.021,0.018,0.038,0.028,0.15,0.052
prior_whip_like_mean_10,0.241,0.021,0.574,0.024,0.101,0.013,0.017,0.013,0.053,0.119,0.09,0.084,0.022,0.033,0.008,0.063,0.125,0.064,0.115,0.101,0.084,0.086,0.114,0.011
prior_strikeout_walk_ratio_mean_5,0.137,0.064,0.308,0.045,0.058,0.102,0.073,0.053,0.076,0.062,0.082,0.088,0.13,0.106,0.007,0.041,0.281,0.16,0.112,0.217,0.002,0.204,0.172,0.177
prior_strikeout_walk_ratio_mean_10,0.147,0.069,0.29,0.029,0.141,0.071,0.036,0.114,0.092,0.069,0.14,0.039,0.121,0.106,0.008,0.004,0.258,0.17,0.167,0.248,0.057,0.185,0.04,0.172
prior_run_per_hit_mean_5,0.391,0.261,0.077,0.054,0.036,0.055,0.158,0.201,0.01,0.021,0.195,0.012,0.023,0.055,0.019,0.063,0.106,0.106,0.104,0.111,0.046,0.021,0.011,0.12
prior_run_per_hit_mean_10,0.4,0.297,0.107,0.08,0.065,0.009,0.155,0.009,0.002,0.133,0.101,0.089,0.162,0.176,0.082,0.049,0.161,0.076,0.073,0.071,0.002,0.028,0.078,0.076
stadium_prior_run_mean,0.092,0.129,0.001,0.03,0.002,0.104,0.099,0.094,0.104,0.175,0.074,0.396,0.098,0.011,0.036,0.033,0.045,0.067,0.247,0.023,0.3,0.285,0.244,0.223
opp_prior_whip_like_mean_5,0.205,0.03,0.054,0.577,0.077,0.02,0.004,0.061,0.012,0.049,0.045,0.008,0.006,0.031,0.012,0.069,0.12,0.085,0.034,0.018,0.021,0.044,0.12,0.083
opp_prior_whip_like_mean_10,0.206,0.049,0.074,0.584,0.118,0.009,0.039,0.028,0.154,0.033,0.013,0.074,0.03,0.007,0.02,0.001,0.128,0.017,0.028,0.149,0.051,0.065,0.13,0.01
opp_prior_strikeout_walk_ratio_mean_5,0.106,0.077,0.018,0.316,0.062,0.037,0.126,0.035,0.131,0.007,0.055,0.029,0.059,0.133,0.009,0.117,0.313,0.095,0.165,0.163,0.085,0.051,0.26,0.155
opp_prior_strikeout_walk_ratio_mean_10,0.113,0.082,0.005,0.292,0.126,0.051,0.073,0.037,0.215,0.049,0.102,0.017,0.046,0.111,0.029,0.109,0.3,0.132,0.16,0.207,0.065,0.11,0.142,0.177
opp_prior_run_per_hit_mean_5,0.332,0.352,0.059,0.038,0.002,0.113,0.099,0.024,0.192,0.128,0.132,0.081,0.018,0.014,0.072,0.027,0.137,0.031,0.012,0.157,0.12,0.001,0.013,0.139
opp_prior_run_per_hit_mean_10,0.328,0.383,0.076,0.082,0.064,0.106,0.119,0.022,0.083,0.012,0.167,0.027,0.112,0.141,0.063,0.17,0.177,0.007,0.004,0.103,0.088,0.026,0.054,0.083
is_home,0.003,0.004,0.037,0.04,0.001,0.025,0.021,0.022,0.19,0.414,0.268,0.679,0.078,0.33,0.094,0.114,0.006,0.107,0.151,0.025,0.175,0.047,0.082,0.149
prior_runs_scored_mean_5,0.661,0.507,0.314,0.07,0.096,0.047,0.061,0.189,0.016,0.105,0.109,0.086,0.106,0.071,0.013,0.098,0.025,0.005,0.045,0.074,0.016,0.001,0.066,0.011
prior_runs_scored_mean_10,0.653,0.512,0.357,0.127,0.057,0.037,0.028,0.126,0.0,0.098,0.061,0.087,0.096,0.115,0.071,0.073,0.027,0.034,0.052,0.021,0.047,0.068,0.142,0.062
prior_runs_allowed_mean_5,0.366,0.018,0.762,0.005,0.031,0.018,0.077,0.282,0.038,0.073,0.017,0.011,0.034,0.052,0.053,0.047,0.005,0.015,0.133,0.199,0.078,0.066,0.155,0.115
prior_runs_allowed_mean_10,0.388,0.07,0.775,0.021,0.065,0.085,0.077,0.047,0.046,0.152,0.092,0.12,0.021,0.004,0.037,0.057,0.052,0.051,0.053,0.056,0.143,0.162,0.188,0.037
prior_run_diff_mean_5,0.733,0.381,0.295,0.054,0.091,0.021,0.009,0.331,0.038,0.026,0.091,0.055,0.1,0.087,0.046,0.103,0.022,0.014,0.058,0.083,0.042,0.045,0.058,0.087
prior_run_diff_mean_10,0.75,0.432,0.247,0.11,0.086,0.084,0.03,0.063,0.03,0.175,0.107,0.146,0.086,0.084,0.078,0.093,0.055,0.059,0.004,0.021,0.131,0.056,0.018,0.071
prior_win_rate_5,0.61,0.339,0.293,0.036,0.133,0.013,0.07,0.308,0.024,0.081,0.199,0.121,0.102,0.012,0.053,0.102,0.138,0.111,0.092,0.039,0.058,0.282,0.017,0.015
prior_win_rate_10,0.605,0.394,0.284,0.06,0.024,0.122,0.126,0.094,0.004,0.119,0.009,0.058,0.094,0.184,0.09,0.078,0.237,0.019,0.047,0.006,0.136,0.292,0.109,0.025
prior_scored_first_rate_5,0.312,0.169,0.265,0.021,0.499,0.379,0.161,0.003,0.325,0.255,0.197,0.036,0.007,0.003,0.156,0.093,0.05,0.098,0.004,0.055,0.125,0.02,0.05,0.037
prior_scored_first_rate_10,0.336,0.199,0.251,0.013,0.401,0.281,0.182,0.171,0.374,0.173,0.339,0.098,0.109,0.06,0.062,0.192,0.043,0.067,0.036,0.099,0.033,0.085,0.0,0.072
prior_H_mean_5,0.506,0.436,0.39,0.051,0.131,0.006,0.12,0.011,0.0,0.201,0.118,0.156,0.221,0.179,0.062,0.018,0.151,0.151,0.115,0.032,0.104,0.046,0.116,0.191
prior_H_mean_10,0.508,0.427,0.439,0.082,0.027,0.057,0.153,0.215,0.042,0.066,0.235,0.019,0.056,0.031,0.011,0.089,0.121,0.16,0.205,0.051,0.096,0.122,0.101,0.188
prior_BB_mean_5,0.308,0.219,0.105,0.048,0.346,0.261,0.682,0.112,0.009,0.089,0.047,0.038,0.028,0.07,0.067,0.147,0.023,0.066,0.051,0.02,0.042,0.0,0.031,0.018
prior_BB_mean_10,0.333,0.204,0.124,0.073,0.388,0.236,0.677,0.014,0.026,0.051,0.026,0.028,0.056,0.006,0.096,0.054,0.014,0.065,0.007,0.064,0.044,0.016,0.07,0.077
prior_extra_base_hits_mean_5,0.414,0.382,0.317,0.028,0.315,0.037,0.212,0.225,0.102,0.043,0.232,0.022,0.006,0.029,0.162,0.175,0.162,0.15,0.154,0.0,0.014,0.219,0.088,0.171
prior_extra_base_hits_mean_10,0.424,0.43,0.39,0.064,0.229,0.051,0.237,0.058,0.105,0.175,0.077,0.126,0.13,0.211,0.236,0.041,0.119,0.098,0.079,0.011,0.01,0.1,0.096,0.089
prior_late_runs_mean_5,0.428,0.416,0.324,0.082,0.143,0.068,0.037,0.133,0.213,0.131,0.106,0.067,0.065,0.23,0.368,0.086,0.009,0.249,0.103,0.005,0.086,0.114,0.117,0.164
prior_late_runs_mean_10,0.409,0.379,0.355,0.123,0.192,0.091,0.097,0.09,0.178,0.256,0.245,0.067,0.075,0.106,0.308,0.19,0.002,0.211,0.03,0.077,0.112,0.066,0.045,0.084
days_rest,0.009,0.063,0.033,0.039,0.008,0.025,0.097,0.021,0.015,0.029,0.132,0.104,0.734,0.04,0.331,0.513,0.089,0.134,0.043,0.011,0.057,0.04,0.014,0.015
day_of_week,0.0,0.024,0.007,0.002,0.015,0.035,0.069,0.077,0.14,0.073,0.097,0.263,0.416,0.623,0.42,0.358,0.016,0.037,0.048,0.038,0.068,0.078,0.014,0.033
season_to_date_win_rate,0.486,0.28,0.279,0.027,0.18,0.169,0.094,0.499,0.014,0.232,0.193,0.157,0.007,0.041,0.071,0.082,0.07,0.052,0.122,0.014,0.216,0.002,0.063,0.153
season_to_date_run_diff_mean,0.521,0.256,0.263,0.051,0.246,0.143,0.009,0.47,0.008,0.21,0.083,0.111,0.011,0.041,0.057,0.063,0.015,0.073,0.125,0.023,0.263,0.243,0.002,0.083
h2h_prior_win_rate,0.353,0.003,0.136,0.11,0.013,0.175,0.068,0.371,0.084,0.268,0.216,0.137,0.021,0.037,0.044,0.083,0.143,0.35,0.427,0.13,0.339,0.058,0.099,0.159
opp_prior_runs_scored_mean_5,0.55,0.66,0.059,0.255,0.063,0.047,0.022,0.04,0.209,0.129,0.007,0.09,0.059,0.087,0.038,0.085,0.025,0.046,0.053,0.057,0.067,0.011,0.094,0.047
opp_prior_runs_scored_mean_10,0.534,0.653,0.103,0.324,0.042,0.002,0.04,0.04,0.182,0.088,0.021,0.074,0.084,0.117,0.033,0.112,0.017,0.039,0.085,0.061,0.049,0.055,0.1,0.025
opp_prior_runs_allowed_mean_5,0.326,0.076,0.082,0.794,0.037,0.106,0.021,0.123,0.104,0.057,0.071,0.004,0.046,0.058,0.022,0.084,0.026,0.123,0.075,0.178,0.094,0.13,0.1,0.138
opp_prior_runs_allowed_mean_10,0.332,0.121,0.088,0.793,0.101,0.131,0.018,0.044,0.158,0.042,0.015,0.121,0.013,0.022,0.005,0.051,0.034,0.04,0.058,0.02,0.12,0.028,0.25,0.002
opp_prior_run_diff_mean_5,0.625,0.533,0.099,0.36,0.02,0.039,0.001,0.114,0.223,0.133,0.044,0.068,0.074,0.103,0.043,0.119,0.0,0.051,0.013,0.081,0.016,0.098,0.0,0.06
opp_prior_run_diff_mean_10,0.623,0.572,0.136,0.283,0.098,0.086,0.042,0.001,0.242,0.094,0.026,0.136,0.055,0.103,0.022,0.118,0.036,0.056,0.026,0.033,0.043,0.023,0.091,0.02
opp_prior_win_rate_5,0.515,0.46,0.074,0.348,0.056,0.099,0.021,0.09,0.269,0.186,0.071,0.153,0.089,0.06,0.015,0.056,0.146,0.008,0.016,0.167,0.11,0.045,0.116,0.064
opp_prior_win_rate_10,0.49,0.496,0.083,0.309,0.043,0.17,0.008,0.023,0.192,0.058,0.067,0.04,0.066,0.148,0.015,0.183,0.197,0.138,0.062,0.15,0.077,0.114,0.008,0.11
opp_prior_scored_first_rate_5,0.265,0.234,0.017,0.313,0.426,0.315,0.161,0.309,0.306,0.243,0.201,0.095,0.002,0.052,0.132,0.054,0.083,0.153,0.016,0.085,0.008,0.01,0.074,0.026
opp_prior_scored_first_rate_10,0.28,0.262,0.017,0.289,0.356,0.273,0.083,0.376,0.101,0.401,0.241,0.048,0.082,0.14,0.12,0.072,0.059,0.106,0.007,0.136,0.011,0.047,0.031,0.004
opp_prior_H_mean_5,0.414,0.553,0.028,0.351,0.122,0.078,0.11,0.007,0.105,0.01,0.239,0.063,0.128,0.138,0.098,0.158,0.211,0.139,0.111,0.186,0.043,0.009,0.127,0.101
opp_prior_H_mean_10,0.413,0.537,0.048,0.42,0.05,0.121,0.104,0.066,0.154,0.184,0.211,0.049,0.009,0.027,0.08,0.026,0.172,0.101,0.155,0.267,0.02,0.031,0.084,0.13
opp_prior_BB_mean_5,0.257,0.286,0.045,0.083,0.308,0.65,0.377,0.016,0.124,0.048,0.02,0.027,0.026,0.117,0.094,0.034,0.038,0.101,0.009,0.004,0.02,0.025,0.045,0.004
opp_prior_BB_mean_10,0.282,0.275,0.069,0.107,0.329,0.642,0.384,0.012,0.071,0.023,0.017,0.047,0.034,0.052,0.07,0.051,0.003,0.081,0.021,0.048,0.063,0.037,0.047,0.091
opp_prior_extra_base_hits_mean_5,0.339,0.49,0.02,0.261,0.248,0.151,0.186,0.004,0.286,0.104,0.26,0.084,0.027,0.07,0.198,0.016,0.171,0.058,0.108,0.207,0.167,0.073,0.07,0.081
opp_prior_extra_base_hits_mean_10,0.338,0.539,0.045,0.343,0.187,0.213,0.152,0.024,0.032,0.066,0.255,0.143,0.073,0.084,0.217,0.192,0.124,0.017,0.076,0.109,0.128,0.04,0.113,0.002
opp_prior_late_runs_mean_5,0.345,0.519,0.057,0.286,0.158,0.082,0.041,0.141,0.144,0.14,0.105,0.116,0.042,0.124,0.239,0.266,0.084,0.308,0.189,0.179,0.029,0.081,0.076,0.07
opp_prior_late_runs_mean_10,0.328,0.474,0.092,0.334,0.178,0.117,0.001,0.067,0.393,0.034,0.098,0.006,0.062,0.009,0.226,0.148,0.092,0.319,0.195,0.07,0.06,0.013,0.079,0.013
